"mountain_name","mountain_height_in_feet","mountain_height_in_meters","first_climbed","summits","fatalities","fatality_rate"
"Mount Everest",29032,8849,1953,11000,310,0.0281818181818182
"K2",28251,8611,1954,400,90,0.225
"Kangchenjunga",28169,8586,1955,300,50,0.166666666666667
"Lhotse",27940,8516,1956,900,30,0.0333333333333333
"Makalu",27838,8485,1955,600,27,0.045
